{
    "now": "2022-08-19T02:05:02.597Z",
    "perfNow": 4971269.8000000045,
    "diagnosticCorrelation": "ac38ed61-394b-44a3-a884-9e209b926ae5",
    "source": "DownloadSupportFiles",
    "environment": {
        "productName": "adf",
        "buildVersion": "1.0.081222.6",
        "environmentType": 3,
        "resourceName": "ingestaodados",
        "resourceRegion": "eastus",
        "resourceGroup": "azureStudent",
        "subscriptionId": "65885200-1e31-4128-94c7-434f06e21530",
        "sessionId": "nOMTc",
        "operationId": "uLrjQ",
        "gitType": "live"
    },
    "additionalInfo": {
        "selectedResource": "gerarDadosTarefa4",
        "selectedResourceType": "pipeline",
        "dataFlowSessionId": "91fff976-5499-4820-ac09-33eec5261076"
    }
}