{
    "name": "dimCalendario",
    "properties": {
        "linkedServiceName": {
            "referenceName": "LS_AzureBlobStorage",
            "type": "LinkedServiceReference"
        },
        "annotations": [],
        "type": "DelimitedText",
        "typeProperties": {
            "location": {
                "type": "AzureBlobStorageLocation",
                "fileName": "dim_calendario.csv",
                "folderPath": "analytics",
                "container": "tarefa4"
            },
            "columnDelimiter": ",",
            "encodingName": "ISO-8859-1",
            "escapeChar": "\\",
            "firstRowAsHeader": true,
            "quoteChar": "\""
        },
        "schema": [
            {
                "name": "pk_calendario",
                "type": "String"
            },
            {
                "name": "ano",
                "type": "String"
            },
            {
                "name": "trimestre",
                "type": "String"
            },
            {
                "name": "trimestre_descr_curta",
                "type": "String"
            },
            {
                "name": "trimestre_descr_longa",
                "type": "String"
            }
        ]
    }
}