{
    "now": "2022-08-19T02:05:19.648Z",
    "perfNow": 4988320.8000000045,
    "diagnosticCorrelation": "ba2cb894-da38-4b7e-8bf6-e5dfbcff8382",
    "source": "DownloadSupportFiles",
    "environment": {
        "productName": "adf",
        "buildVersion": "1.0.081222.6",
        "environmentType": 3,
        "resourceName": "ingestaodados",
        "resourceRegion": "eastus",
        "resourceGroup": "azureStudent",
        "subscriptionId": "65885200-1e31-4128-94c7-434f06e21530",
        "sessionId": "nOMTc",
        "operationId": "uLrjQ",
        "gitType": "live"
    },
    "additionalInfo": {
        "selectedResource": "populando_banco_sql",
        "selectedResourceType": "dataflow",
        "dataFlowSessionId": "91fff976-5499-4820-ac09-33eec5261076"
    }
}