{
    "name": "populando_banco_sql",
    "properties": {
        "type": "MappingDataFlow",
        "typeProperties": {
            "sources": [
                {
                    "dataset": {
                        "referenceName": "fato_tarifas",
                        "type": "DatasetReference"
                    },
                    "name": "fatoTarifas"
                },
                {
                    "dataset": {
                        "referenceName": "dimCalendario",
                        "type": "DatasetReference"
                    },
                    "name": "dimCalendario"
                },
                {
                    "dataset": {
                        "referenceName": "dimInstituicoes",
                        "type": "DatasetReference"
                    },
                    "name": "dimInstituicoes"
                },
                {
                    "dataset": {
                        "referenceName": "fatoReclamacoes",
                        "type": "DatasetReference"
                    },
                    "name": "fatoReclamacoes"
                }
            ],
            "sinks": [
                {
                    "dataset": {
                        "referenceName": "salvarTarifasSQL",
                        "type": "DatasetReference"
                    },
                    "name": "salvarTarifasSQL"
                },
                {
                    "dataset": {
                        "referenceName": "salvarInstituicoesSQL",
                        "type": "DatasetReference"
                    },
                    "name": "salvarInstituicoesSQL"
                },
                {
                    "dataset": {
                        "referenceName": "salvarCalendarioSQL",
                        "type": "DatasetReference"
                    },
                    "name": "salvarCalendarioSQL"
                },
                {
                    "dataset": {
                        "referenceName": "fato_reclamacoes",
                        "type": "DatasetReference"
                    },
                    "name": "salvarReclamacoesSQL"
                }
            ],
            "transformations": [],
            "scriptLines": [
                "source(output(",
                "          pk_tarifa as string,",
                "          fk_calendario as string,",
                "          fk_cnpj as string,",
                "          descr_tarifa as string,",
                "          tipo_tarifa as string,",
                "          data_vigencia as string,",
                "          valor_maximo as string,",
                "          tipo_valor as string,",
                "          periodicidade as string",
                "     ),",
                "     allowSchemaDrift: true,",
                "     validateSchema: false,",
                "     ignoreNoFilesFound: false) ~> fatoTarifas",
                "source(output(",
                "          pk_calendario as string,",
                "          ano as string,",
                "          trimestre as string,",
                "          trimestre_descr_curta as string,",
                "          trimestre_descr_longa as string",
                "     ),",
                "     allowSchemaDrift: true,",
                "     validateSchema: false,",
                "     ignoreNoFilesFound: false) ~> dimCalendario",
                "source(output(",
                "          pk_cnpj as string,",
                "          nome_instituicao as string,",
                "          codigo_grupo as string,",
                "          descr_grupo as string",
                "     ),",
                "     allowSchemaDrift: true,",
                "     validateSchema: false,",
                "     ignoreNoFilesFound: false) ~> dimInstituicoes",
                "source(output(",
                "          fk_cnpj as string,",
                "          fk_calendario as string,",
                "          quantidade_reclamacoes_reguladas_procedentes as string,",
                "          quantidade_reclamacoes_reguladas_outras as string,",
                "          quantidade_reclamacoes_nao_reguladas as string,",
                "          quantidade_total_reclamacoes as string,",
                "          quantidade_total_clientes_ccs_e_scr as string,",
                "          quantidade_clientes_ccs as string,",
                "          quantidade_clientes_scr as string",
                "     ),",
                "     allowSchemaDrift: true,",
                "     validateSchema: false,",
                "     ignoreNoFilesFound: false) ~> fatoReclamacoes",
                "fatoTarifas sink(allowSchemaDrift: true,",
                "     validateSchema: false,",
                "     deletable:false,",
                "     insertable:true,",
                "     updateable:false,",
                "     upsertable:false,",
                "     recreate:true,",
                "     format: 'table',",
                "     skipDuplicateMapInputs: true,",
                "     skipDuplicateMapOutputs: true,",
                "     saveOrder: 0,",
                "     errorHandlingOption: 'stopOnFirstError') ~> salvarTarifasSQL",
                "dimInstituicoes sink(allowSchemaDrift: true,",
                "     validateSchema: false,",
                "     deletable:false,",
                "     insertable:true,",
                "     updateable:false,",
                "     upsertable:false,",
                "     format: 'table',",
                "     skipDuplicateMapInputs: true,",
                "     skipDuplicateMapOutputs: true,",
                "     errorHandlingOption: 'stopOnFirstError') ~> salvarInstituicoesSQL",
                "dimCalendario sink(allowSchemaDrift: true,",
                "     validateSchema: false,",
                "     deletable:false,",
                "     insertable:true,",
                "     updateable:false,",
                "     upsertable:false,",
                "     format: 'table',",
                "     skipDuplicateMapInputs: true,",
                "     skipDuplicateMapOutputs: true,",
                "     errorHandlingOption: 'stopOnFirstError') ~> salvarCalendarioSQL",
                "fatoReclamacoes sink(allowSchemaDrift: true,",
                "     validateSchema: false,",
                "     deletable:false,",
                "     insertable:true,",
                "     updateable:false,",
                "     upsertable:false,",
                "     format: 'table',",
                "     skipDuplicateMapInputs: true,",
                "     skipDuplicateMapOutputs: true,",
                "     errorHandlingOption: 'stopOnFirstError') ~> salvarReclamacoesSQL"
            ]
        }
    }
}