{
    "name": "dimInstituicoes",
    "properties": {
        "linkedServiceName": {
            "referenceName": "LS_AzureBlobStorage",
            "type": "LinkedServiceReference"
        },
        "annotations": [],
        "type": "DelimitedText",
        "typeProperties": {
            "location": {
                "type": "AzureBlobStorageLocation",
                "fileName": "dim_instituicoes.csv",
                "folderPath": "analytics",
                "container": "tarefa4"
            },
            "columnDelimiter": ",",
            "encodingName": "ISO-8859-1",
            "escapeChar": "\\",
            "firstRowAsHeader": true,
            "quoteChar": "\""
        },
        "schema": [
            {
                "name": "pk_cnpj",
                "type": "String"
            },
            {
                "name": "nome_instituicao",
                "type": "String"
            },
            {
                "name": "codigo_grupo",
                "type": "String"
            },
            {
                "name": "descr_grupo",
                "type": "String"
            }
        ]
    }
}