{
    "name": "fatoReclamacoes",
    "properties": {
        "linkedServiceName": {
            "referenceName": "LS_AzureBlobStorage",
            "type": "LinkedServiceReference"
        },
        "annotations": [],
        "type": "DelimitedText",
        "typeProperties": {
            "location": {
                "type": "AzureBlobStorageLocation",
                "fileName": "fato_reclamacoes.csv",
                "folderPath": "analytics",
                "container": "tarefa4"
            },
            "columnDelimiter": ",",
            "encodingName": "ISO-8859-1",
            "escapeChar": "\\",
            "firstRowAsHeader": true,
            "quoteChar": "\""
        },
        "schema": [
            {
                "name": "fk_cnpj",
                "type": "String"
            },
            {
                "name": "fk_calendario",
                "type": "String"
            },
            {
                "name": "quantidade_reclamacoes_reguladas_procedentes",
                "type": "String"
            },
            {
                "name": "quantidade_reclamacoes_reguladas_outras",
                "type": "String"
            },
            {
                "name": "quantidade_reclamacoes_nao_reguladas",
                "type": "String"
            },
            {
                "name": "quantidade_total_reclamacoes",
                "type": "String"
            },
            {
                "name": "quantidade_total_clientes_ccs_e_scr",
                "type": "String"
            },
            {
                "name": "quantidade_clientes_ccs",
                "type": "String"
            },
            {
                "name": "quantidade_clientes_scr",
                "type": "String"
            }
        ]
    }
}