{
    "name": "fato_tarifas",
    "properties": {
        "linkedServiceName": {
            "referenceName": "LS_AzureBlobStorage",
            "type": "LinkedServiceReference"
        },
        "annotations": [],
        "type": "DelimitedText",
        "typeProperties": {
            "location": {
                "type": "AzureBlobStorageLocation",
                "fileName": "fato_tarifas.csv",
                "folderPath": "analytics",
                "container": "tarefa4"
            },
            "columnDelimiter": ",",
            "encodingName": "ISO-8859-1",
            "escapeChar": "\\",
            "firstRowAsHeader": true,
            "quoteChar": "\""
        },
        "schema": [
            {
                "name": "pk_tarifa",
                "type": "String"
            },
            {
                "name": "fk_calendario",
                "type": "String"
            },
            {
                "name": "fk_cnpj",
                "type": "String"
            },
            {
                "name": "descr_tarifa",
                "type": "String"
            },
            {
                "name": "tipo_tarifa",
                "type": "String"
            },
            {
                "name": "data_vigencia",
                "type": "String"
            },
            {
                "name": "valor_maximo",
                "type": "String"
            },
            {
                "name": "tipo_valor",
                "type": "String"
            },
            {
                "name": "periodicidade",
                "type": "String"
            }
        ]
    }
}