{
    "name": "gerarDadosTarefa4",
    "properties": {
        "activities": [
            {
                "name": "01_Extracao",
                "type": "DatabricksNotebook",
                "dependsOn": [],
                "policy": {
                    "timeout": "7.00:00:00",
                    "retry": 0,
                    "retryIntervalInSeconds": 30,
                    "secureOutput": false,
                    "secureInput": false
                },
                "userProperties": [],
                "typeProperties": {
                    "notebookPath": "/Users/evandersiq@outlook.com.br/01 Extração"
                },
                "linkedServiceName": {
                    "referenceName": "LS_AzureDatabricks",
                    "type": "LinkedServiceReference"
                }
            },
            {
                "name": "02_DataWrangling",
                "type": "DatabricksNotebook",
                "dependsOn": [
                    {
                        "activity": "01_Extracao",
                        "dependencyConditions": [
                            "Succeeded"
                        ]
                    }
                ],
                "policy": {
                    "timeout": "7.00:00:00",
                    "retry": 0,
                    "retryIntervalInSeconds": 30,
                    "secureOutput": false,
                    "secureInput": false
                },
                "userProperties": [],
                "typeProperties": {
                    "notebookPath": "/Users/evandersiq@outlook.com.br/02 Limpeza e Tratamento"
                },
                "linkedServiceName": {
                    "referenceName": "LS_AzureDatabricks",
                    "type": "LinkedServiceReference"
                }
            },
            {
                "name": "03_Modelagem",
                "type": "DatabricksNotebook",
                "dependsOn": [
                    {
                        "activity": "02_DataWrangling",
                        "dependencyConditions": [
                            "Succeeded"
                        ]
                    }
                ],
                "policy": {
                    "timeout": "7.00:00:00",
                    "retry": 0,
                    "retryIntervalInSeconds": 30,
                    "secureOutput": false,
                    "secureInput": false
                },
                "userProperties": [],
                "typeProperties": {
                    "notebookPath": "/Users/evandersiq@outlook.com.br/03 SQL - Modelo StarSchema"
                },
                "linkedServiceName": {
                    "referenceName": "LS_AzureDatabricks",
                    "type": "LinkedServiceReference"
                }
            },
            {
                "name": "populando_banco_sql",
                "type": "ExecuteDataFlow",
                "dependsOn": [
                    {
                        "activity": "03_Modelagem",
                        "dependencyConditions": [
                            "Succeeded"
                        ]
                    }
                ],
                "policy": {
                    "timeout": "1.00:00:00",
                    "retry": 0,
                    "retryIntervalInSeconds": 30,
                    "secureOutput": false,
                    "secureInput": false
                },
                "userProperties": [],
                "typeProperties": {
                    "dataflow": {
                        "referenceName": "populando_banco_sql",
                        "type": "DataFlowReference"
                    },
                    "compute": {
                        "coreCount": 8,
                        "computeType": "General"
                    },
                    "traceLevel": "Fine"
                }
            }
        ],
        "annotations": []
    }
}