{"$schema":"http://schema.management.azure.com/schemas/2015-01-01/deploymentTemplate.json#","contentVersion":"1.0.0.0","parameters":{"factoryName":{"type":"string","metadata":"Nome do Data Factory"},"LS_AzureDatabricks":{"type":"string"},"LS_AzureBlobStorage":{"type":"string"},"LS_AzureSqlDatabase":{"type":"string"}},"variables":{"factoryId":"[concat('Microsoft.DataFactory/factories/', parameters('factoryName'))]"},"resources":[{"name":"[concat(parameters('factoryName'), '/gerarDadosTarefa4')]","type":"Microsoft.DataFactory/factories/pipelines","apiVersion":"2018-06-01","properties":{"activities":[{"name":"01_Extracao","type":"DatabricksNotebook","dependsOn":[],"policy":{"timeout":"7.00:00:00","retry":0,"retryIntervalInSeconds":30,"secureOutput":false,"secureInput":false},"userProperties":[],"typeProperties":{"notebookPath":"/Users/evandersiq@outlook.com.br/01 Extração"},"linkedServiceName":{"referenceName":"[parameters('LS_AzureDatabricks')]","type":"LinkedServiceReference"}},{"name":"02_DataWrangling","type":"DatabricksNotebook","dependsOn":[{"activity":"01_Extracao","dependencyConditions":["Succeeded"]}],"policy":{"timeout":"7.00:00:00","retry":0,"retryIntervalInSeconds":30,"secureOutput":false,"secureInput":false},"userProperties":[],"typeProperties":{"notebookPath":"/Users/evandersiq@outlook.com.br/02 Limpeza e Tratamento"},"linkedServiceName":{"referenceName":"[parameters('LS_AzureDatabricks')]","type":"LinkedServiceReference"}},{"name":"03_Modelagem","type":"DatabricksNotebook","dependsOn":[{"activity":"02_DataWrangling","dependencyConditions":["Succeeded"]}],"policy":{"timeout":"7.00:00:00","retry":0,"retryIntervalInSeconds":30,"secureOutput":false,"secureInput":false},"userProperties":[],"typeProperties":{"notebookPath":"/Users/evandersiq@outlook.com.br/03 SQL - Modelo StarSchema"},"linkedServiceName":{"referenceName":"[parameters('LS_AzureDatabricks')]","type":"LinkedServiceReference"}},{"name":"populando_banco_sql","type":"ExecuteDataFlow","dependsOn":[{"activity":"03_Modelagem","dependencyConditions":["Succeeded"]}],"policy":{"timeout":"1.00:00:00","retry":0,"retryIntervalInSeconds":30,"secureOutput":false,"secureInput":false},"userProperties":[],"typeProperties":{"dataflow":{"referenceName":"populando_banco_sql","type":"DataFlowReference","parameters":{},"datasetParameters":{"fatoTarifas":{},"dimCalendario":{},"dimInstituicoes":{},"fatoReclamacoes":{},"salvarTarifasSQL":{},"salvarInstituicoesSQL":{},"salvarCalendarioSQL":{},"salvarReclamacoesSQL":{}}},"staging":{},"compute":{"coreCount":8,"computeType":"General"},"traceLevel":"Fine"}}],"policy":{"elapsedTimeMetric":{},"cancelAfter":{}},"annotations":[]},"dependsOn":["[concat(variables('factoryId'), '/dataflows/populando_banco_sql')]"]},{"name":"[concat(parameters('factoryName'), '/populando_banco_sql')]","type":"Microsoft.DataFactory/factories/dataflows","apiVersion":"2018-06-01","properties":{"type":"MappingDataFlow","typeProperties":{"sources":[{"dataset":{"referenceName":"fato_tarifas","type":"DatasetReference"},"name":"fatoTarifas"},{"dataset":{"referenceName":"dimCalendario","type":"DatasetReference"},"name":"dimCalendario"},{"dataset":{"referenceName":"dimInstituicoes","type":"DatasetReference"},"name":"dimInstituicoes"},{"dataset":{"referenceName":"fatoReclamacoes","type":"DatasetReference"},"name":"fatoReclamacoes"}],"sinks":[{"dataset":{"referenceName":"salvarTarifasSQL","type":"DatasetReference"},"name":"salvarTarifasSQL"},{"dataset":{"referenceName":"salvarInstituicoesSQL","type":"DatasetReference"},"name":"salvarInstituicoesSQL"},{"dataset":{"referenceName":"salvarCalendarioSQL","type":"DatasetReference"},"name":"salvarCalendarioSQL"},{"dataset":{"referenceName":"fato_reclamacoes","type":"DatasetReference"},"name":"salvarReclamacoesSQL"}],"transformations":[],"scriptLines":["source(output(","          pk_tarifa as string,","          fk_calendario as string,","          fk_cnpj as string,","          descr_tarifa as string,","          tipo_tarifa as string,","          data_vigencia as string,","          valor_maximo as string,","          tipo_valor as string,","          periodicidade as string","     ),","     allowSchemaDrift: true,","     validateSchema: false,","     ignoreNoFilesFound: false) ~> fatoTarifas","source(output(","          pk_calendario as string,","          ano as string,","          trimestre as string,","          trimestre_descr_curta as string,","          trimestre_descr_longa as string","     ),","     allowSchemaDrift: true,","     validateSchema: false,","     ignoreNoFilesFound: false) ~> dimCalendario","source(output(","          pk_cnpj as string,","          nome_instituicao as string,","          codigo_grupo as string,","          descr_grupo as string","     ),","     allowSchemaDrift: true,","     validateSchema: false,","     ignoreNoFilesFound: false) ~> dimInstituicoes","source(output(","          fk_cnpj as string,","          fk_calendario as string,","          quantidade_reclamacoes_reguladas_procedentes as string,","          quantidade_reclamacoes_reguladas_outras as string,","          quantidade_reclamacoes_nao_reguladas as string,","          quantidade_total_reclamacoes as string,","          quantidade_total_clientes_ccs_e_scr as string,","          quantidade_clientes_ccs as string,","          quantidade_clientes_scr as string","     ),","     allowSchemaDrift: true,","     validateSchema: false,","     ignoreNoFilesFound: false) ~> fatoReclamacoes","fatoTarifas sink(allowSchemaDrift: true,","     validateSchema: false,","     deletable:false,","     insertable:true,","     updateable:false,","     upsertable:false,","     recreate:true,","     format: 'table',","     skipDuplicateMapInputs: true,","     skipDuplicateMapOutputs: true,","     saveOrder: 0,","     errorHandlingOption: 'stopOnFirstError') ~> salvarTarifasSQL","dimInstituicoes sink(allowSchemaDrift: true,","     validateSchema: false,","     deletable:false,","     insertable:true,","     updateable:false,","     upsertable:false,","     format: 'table',","     skipDuplicateMapInputs: true,","     skipDuplicateMapOutputs: true,","     errorHandlingOption: 'stopOnFirstError') ~> salvarInstituicoesSQL","dimCalendario sink(allowSchemaDrift: true,","     validateSchema: false,","     deletable:false,","     insertable:true,","     updateable:false,","     upsertable:false,","     format: 'table',","     skipDuplicateMapInputs: true,","     skipDuplicateMapOutputs: true,","     errorHandlingOption: 'stopOnFirstError') ~> salvarCalendarioSQL","fatoReclamacoes sink(allowSchemaDrift: true,","     validateSchema: false,","     deletable:false,","     insertable:true,","     updateable:false,","     upsertable:false,","     format: 'table',","     skipDuplicateMapInputs: true,","     skipDuplicateMapOutputs: true,","     errorHandlingOption: 'stopOnFirstError') ~> salvarReclamacoesSQL"]}},"dependsOn":["[concat(variables('factoryId'), '/datasets/fato_tarifas')]","[concat(variables('factoryId'), '/datasets/dimCalendario')]","[concat(variables('factoryId'), '/datasets/dimInstituicoes')]","[concat(variables('factoryId'), '/datasets/fatoReclamacoes')]","[concat(variables('factoryId'), '/datasets/salvarTarifasSQL')]","[concat(variables('factoryId'), '/datasets/salvarInstituicoesSQL')]","[concat(variables('factoryId'), '/datasets/salvarCalendarioSQL')]","[concat(variables('factoryId'), '/datasets/fato_reclamacoes')]"]},{"name":"[concat(parameters('factoryName'), '/fato_tarifas')]","type":"Microsoft.DataFactory/factories/datasets","apiVersion":"2018-06-01","properties":{"linkedServiceName":{"referenceName":"[parameters('LS_AzureBlobStorage')]","type":"LinkedServiceReference"},"annotations":[],"type":"DelimitedText","typeProperties":{"location":{"type":"AzureBlobStorageLocation","fileName":"fato_tarifas.csv","folderPath":"analytics","container":"tarefa4"},"columnDelimiter":",","encodingName":"ISO-8859-1","escapeChar":"\\","firstRowAsHeader":true,"quoteChar":"\""},"schema":[{"name":"pk_tarifa","type":"String"},{"name":"fk_calendario","type":"String"},{"name":"fk_cnpj","type":"String"},{"name":"descr_tarifa","type":"String"},{"name":"tipo_tarifa","type":"String"},{"name":"data_vigencia","type":"String"},{"name":"valor_maximo","type":"String"},{"name":"tipo_valor","type":"String"},{"name":"periodicidade","type":"String"}]},"dependsOn":[]},{"name":"[concat(parameters('factoryName'), '/dimCalendario')]","type":"Microsoft.DataFactory/factories/datasets","apiVersion":"2018-06-01","properties":{"linkedServiceName":{"referenceName":"[parameters('LS_AzureBlobStorage')]","type":"LinkedServiceReference"},"annotations":[],"type":"DelimitedText","typeProperties":{"location":{"type":"AzureBlobStorageLocation","fileName":"dim_calendario.csv","folderPath":"analytics","container":"tarefa4"},"columnDelimiter":",","encodingName":"ISO-8859-1","escapeChar":"\\","firstRowAsHeader":true,"quoteChar":"\""},"schema":[{"name":"pk_calendario","type":"String"},{"name":"ano","type":"String"},{"name":"trimestre","type":"String"},{"name":"trimestre_descr_curta","type":"String"},{"name":"trimestre_descr_longa","type":"String"}]},"dependsOn":[]},{"name":"[concat(parameters('factoryName'), '/dimInstituicoes')]","type":"Microsoft.DataFactory/factories/datasets","apiVersion":"2018-06-01","properties":{"linkedServiceName":{"referenceName":"[parameters('LS_AzureBlobStorage')]","type":"LinkedServiceReference"},"annotations":[],"type":"DelimitedText","typeProperties":{"location":{"type":"AzureBlobStorageLocation","fileName":"dim_instituicoes.csv","folderPath":"analytics","container":"tarefa4"},"columnDelimiter":",","encodingName":"ISO-8859-1","escapeChar":"\\","firstRowAsHeader":true,"quoteChar":"\""},"schema":[{"name":"pk_cnpj","type":"String"},{"name":"nome_instituicao","type":"String"},{"name":"codigo_grupo","type":"String"},{"name":"descr_grupo","type":"String"}]},"dependsOn":[]},{"name":"[concat(parameters('factoryName'), '/fatoReclamacoes')]","type":"Microsoft.DataFactory/factories/datasets","apiVersion":"2018-06-01","properties":{"linkedServiceName":{"referenceName":"[parameters('LS_AzureBlobStorage')]","type":"LinkedServiceReference"},"annotations":[],"type":"DelimitedText","typeProperties":{"location":{"type":"AzureBlobStorageLocation","fileName":"fato_reclamacoes.csv","folderPath":"analytics","container":"tarefa4"},"columnDelimiter":",","encodingName":"ISO-8859-1","escapeChar":"\\","firstRowAsHeader":true,"quoteChar":"\""},"schema":[{"name":"fk_cnpj","type":"String"},{"name":"fk_calendario","type":"String"},{"name":"quantidade_reclamacoes_reguladas_procedentes","type":"String"},{"name":"quantidade_reclamacoes_reguladas_outras","type":"String"},{"name":"quantidade_reclamacoes_nao_reguladas","type":"String"},{"name":"quantidade_total_reclamacoes","type":"String"},{"name":"quantidade_total_clientes_ccs_e_scr","type":"String"},{"name":"quantidade_clientes_ccs","type":"String"},{"name":"quantidade_clientes_scr","type":"String"}]},"dependsOn":[]},{"name":"[concat(parameters('factoryName'), '/salvarTarifasSQL')]","type":"Microsoft.DataFactory/factories/datasets","apiVersion":"2018-06-01","properties":{"linkedServiceName":{"referenceName":"[parameters('LS_AzureSqlDatabase')]","type":"LinkedServiceReference"},"annotations":[],"type":"AzureSqlTable","schema":[],"typeProperties":{"schema":"dbo","table":"fato_tarifas"}},"dependsOn":[]},{"name":"[concat(parameters('factoryName'), '/salvarInstituicoesSQL')]","type":"Microsoft.DataFactory/factories/datasets","apiVersion":"2018-06-01","properties":{"linkedServiceName":{"referenceName":"[parameters('LS_AzureSqlDatabase')]","type":"LinkedServiceReference"},"annotations":[],"type":"AzureSqlTable","schema":[],"typeProperties":{"schema":"dbo","table":"dim_instituicoes"}},"dependsOn":[]},{"name":"[concat(parameters('factoryName'), '/salvarCalendarioSQL')]","type":"Microsoft.DataFactory/factories/datasets","apiVersion":"2018-06-01","properties":{"linkedServiceName":{"referenceName":"[parameters('LS_AzureSqlDatabase')]","type":"LinkedServiceReference"},"annotations":[],"type":"AzureSqlTable","schema":[],"typeProperties":{"schema":"dbo","table":"dim_calendar"}},"dependsOn":[]},{"name":"[concat(parameters('factoryName'), '/fato_reclamacoes')]","type":"Microsoft.DataFactory/factories/datasets","apiVersion":"2018-06-01","properties":{"linkedServiceName":{"referenceName":"[parameters('LS_AzureSqlDatabase')]","type":"LinkedServiceReference"},"annotations":[],"type":"AzureSqlTable","schema":[],"typeProperties":{"schema":"dbo","table":"fato_reclamacoes"}},"dependsOn":[]}]}